,,,,,,,,,,,,,,,,
CODIGO,DISTRITO,DEPARTAMENTO,MUNICIPIO,ESTABLECIMIENTO,DIRECCION,TELEFONO,SUPERVISOR,DIRECTOR,NIVEL,SECTOR,AREA,STATUS,MODALIDAD,JORNADA,PLAN,DEPARTAMENTAL
07-01-0059-46,07-019,SOLOLA,SOLOLA,"LICEO TECNOL�GICO BILING�E ""CUAUHTEMALLAN DE SOLOLA""",7 CALLE 3-25 ZONA 1,35923669,ESTELA BEN AJCAL�N DE TUY,MOISES GUARCAX CHIROY,DIVERSIFICADO,PRIVADO,URBANA,ABIERTA,MONOLINGUE,MATUTINA,DIARIO(REGULAR),SOLOL�
07-01-0060-46,07-019,SOLOLA,SOLOLA,"LICEO TECNOLOGICO BILINGUE ""CUAUTHEMALLAN DE SOLOLA""","7 CALLE 3-25 ZONA 1, BARRIO SAN ANTONIO",77621955,ESTELA BEN AJCAL�N DE TUY,ROLANDO COY YAQUI,DIVERSIFICADO,PRIVADO,URBANA,CERRADA TEMPORALMENTE,MONOLINGUE,VESPERTINA,DIARIO(REGULAR),SOLOL�
07-01-0061-46,07-019,SOLOLA,SOLOLA,"LICEO TECNOL�GICO BILING�E ""CUAUHTEMALLAN DE SOLOLA""","7 CALLE 3-25 ZONA 1, BARRIO SAN ANTONIO",35923669,ESTELA BEN AJCAL�N DE TUY,MOISES GUARCAX CHIROY,DIVERSIFICADO,PRIVADO,URBANA,ABIERTA,MONOLINGUE,DOBLE,DIARIO(REGULAR),SOLOL�
07-01-0096-46,07-019,SOLOLA,SOLOLA,COLEGIO MONTE SION,6A. AVENIDA 8-07 ZONA 2 BARRIO EL CALVARIO,77623832,ESTELA BEN AJCAL�N DE TUY,JOS� DAVID TZAY PU�C,DIVERSIFICADO,PRIVADO,URBANA,ABIERTA,MONOLINGUE,MATUTINA,DIARIO(REGULAR),SOLOL�
07-01-0100-46,07-004,SOLOLA,SOLOLA,INSTITUTO NACIONAL DE EDUCACI�N DIVERSIFICADA,ALDEA ARGUETA,47394202,V�CTOR MIGUEL MENCH� MENCH�,HUGO MARCOS JOEL ROSALES ORDO�EZ,DIVERSIFICADO,OFICIAL,RURAL,ABIERTA,MONOLINGUE,VESPERTINA,DIARIO(REGULAR),SOLOL�
07-01-0105-46,07-005,SOLOLA,SOLOLA,INSTITUTO NACIONAL DE EDUCACION DIVERSIFICADA,5AV. Y 13 CALLE ESQUINA ZONA 1,,JUSTO SANTIAGO PONCIO P�,---,DIVERSIFICADO,OFICIAL,URBANA,CERRADA TEMPORALMENTE,MONOLINGUE,INTERMEDIA,DIARIO(REGULAR),SOLOL�
07-01-0106-46,07-019,SOLOLA,SOLOLA,INSTITUTO NACIONAL DE EDUCACION DIVERSIFICADA,5TA. CALLE 0-37 BARRIO SAN ANTONIO,58598705,ESTELA BEN AJCAL�N DE TUY,IRIS YANETH CHIYAL MORALES,DIVERSIFICADO,OFICIAL,URBANA,ABIERTA,MONOLINGUE,VESPERTINA,DIARIO(REGULAR),SOLOL�
07-01-0121-46,07-004,SOLOLA,SOLOLA,CENTRO EDUCATIVO DE FORMACI�N PROFESIONAL -CEFPRO-,"CASER�O COXOM, ALDEA SAN JUAN ARGUETA",59356919,V�CTOR MIGUEL MENCH� MENCH�,ELIAS MIGUEL ROSALES TAHAY,DIVERSIFICADO,PRIVADO,RURAL,ABIERTA,MONOLINGUE,DOBLE,FIN DE SEMANA,SOLOL�
07-01-0124-46,07-019,SOLOLA,SOLOLA,"LICEO TECNOL�GICO BILING�E ""CUAUHTEMALLAN DE SOLOL�""",7A. CALLE 3-25 ZONA 1 BARRIO SAN ANTONIO,35923669,ESTELA BEN AJCAL�N DE TUY,MOISES GUARCAX CHIROY,DIVERSIFICADO,PRIVADO,URBANA,ABIERTA,MONOLINGUE,DOBLE,FIN DE SEMANA,SOLOL�
07-01-0144-46,07-019,SOLOLA,SOLOLA,"COLEGIO CIENTIFICO ""MONTESSORI""","9A. CALLE 8-81 ZONA 2, BARRIO EL CALVARIO",77623427,ESTELA BEN AJCAL�N DE TUY,YOVANY ISRAEL ROSALES CORZO,DIVERSIFICADO,PRIVADO,URBANA,ABIERTA,MONOLINGUE,VESPERTINA,DIARIO(REGULAR),SOLOL�
07-01-0152-46,07-003,SOLOLA,SOLOLA,"LICEO PROFESIONAL ""LAS AMERICAS""",CASER�O CENTRAL CANT�N EL TABL�N,77624703,V�CTOR CHUMIL CHIROY,CAMILIO YAX�N COSIGU�,DIVERSIFICADO,PRIVADO,RURAL,ABIERTA,MONOLINGUE,DOBLE,FIN DE SEMANA,SOLOL�
07-01-0158-46,07-002,SOLOLA,SOLOLA,INSTITUTO MIXTO DE EDUCACI�N DIVERSIFICADA POR COOPERATIVA,"CASER�O CENTRAL, ALDEA PIXABAJ",45684531,CARLOS RIGOBERTO POS TUY,SEBASTIAN TUN TUN,DIVERSIFICADO,COOPERATIVA,RURAL,ABIERTA,MONOLINGUE,VESPERTINA,DIARIO(REGULAR),SOLOL�
07-01-0162-46,07-004,SOLOLA,SOLOLA,INSTITUTO DE EDUCACI�N DIVERSIFICADA POR COOPERATIVA CHAQUIJY�,"CASER�O COOPERATIVA, ALDEA CHAQUIJY�",44554930,V�CTOR MIGUEL MENCH� MENCH�,V�CTOR SALOJ YAX�N,DIVERSIFICADO,COOPERATIVA,RURAL,ABIERTA,MONOLINGUE,VESPERTINA,DIARIO(REGULAR),SOLOL�
07-01-0164-46,07-019,SOLOLA,SOLOLA,INSTITUTO TECNOL�GICO DE LA UNIVERSIDAD DEL VALLE DE GUATEMALA ALTIPLANO,"KM. 137, CASER�O XOLB� ALDEA EL TABL�N",79310814,ESTELA BEN AJCAL�N DE TUY,MISAEL ANTONIO ESQUINA QUINOM,DIVERSIFICADO,PRIVADO,RURAL,ABIERTA,MONOLINGUE,MATUTINA,DIARIO(REGULAR),SOLOL�
07-01-0165-46,07-019,SOLOLA,SOLOLA,ESCUELA EN CIENCIAS DE LA COMPUTACI�N,"3RA. CALLE 1-30 ZONA 1, BARRIO SAN ANTONIO",77625180,ESTELA BEN AJCAL�N DE TUY,LUIS LEONARDO ARGUETA MOGOLL�N,DIVERSIFICADO,PRIVADO,URBANA,ABIERTA,MONOLINGUE,DOBLE,FIN DE SEMANA,SOLOL�
07-01-0166-46,07-019,SOLOLA,SOLOLA,ESCUELA EN CIENCIAS DE LA COMPUTACI�N,"3RA. CALLE 1-30 ZONA 1, BARRIO SAN ANTONIO",77625180,ESTELA BEN AJCAL�N DE TUY,LUIS LEONARDO ARGUETA MOGOLL�N,DIVERSIFICADO,PRIVADO,URBANA,ABIERTA,MONOLINGUE,MATUTINA,DIARIO(REGULAR),SOLOL�
07-01-0171-46,07-003,SOLOLA,SOLOLA,"COLEGIO DE EDUCACI�N B�SICA IMPACTO, EMPODERANDO MUJERES","KM. 137, CASER�O XOLBE, ALDEA EL TABL�N",32815153,V�CTOR CHUMIL CHIROY,VILMA VERONICA SALOJ CHIYAL,DIVERSIFICADO,PRIVADO,RURAL,ABIERTA,MONOLINGUE,MATUTINA,DIARIO(REGULAR),SOLOL�
07-01-0174-46,07-024,SOLOLA,SOLOLA,PROGRAMA NACIONAL DE EDUCACI�N ALTERNATIVA -PRONEA-,13AV. 3-18 BARRIO EL CARMEN,77289930,MAR�A OFELIA MUY QUICH�,FREDY EDGAR UR�ZAR RODR�GUEZ,DIVERSIFICADO,OFICIAL,URBANA,ABIERTA,MONOLINGUE,DOBLE,A DISTANCIA,SOLOL�
07-01-0175-46,07-024,SOLOLA,SOLOLA,"""CENTRO DE EDUCACI�N EXTRAESCOLAR -CEEX-DEPARTAMENTAL""",13 CALLE 3-18 ZONA 1,42168347,MAR�A OFELIA MUY QUICH�,FREDY EDGAR UR�ZAR RODR�GUEZ,DIVERSIFICADO,OFICIAL,URBANA,ABIERTA,MONOLINGUE,DOBLE,SEMIPRESENCIAL,SOLOL�
07-01-0181-46,07-003,SOLOLA,SOLOLA,"LICEO PROFESIONAL ""LAS AMERICAS""","CASER�O CENTRAL, CANT�N EL TABL�N",77623985,V�CTOR CHUMIL CHIROY,CAMILIO YAX�N COSIGU�,DIVERSIFICADO,PRIVADO,RURAL,ABIERTA,MONOLINGUE,SIN JORNADA,SEMIPRESENCIAL (UN D�A A LA SEMANA),SOLOL�
07-01-0184-46,07-004,SOLOLA,SOLOLA,CENTRO EDUCATIVO DE FORMACI�N PROFESIONAL -CEFPRO-,"CASER�O COXOM, ALDEA SAN JUAN ARGUETA",33007964,V�CTOR MIGUEL MENCH� MENCH�,ELIAS MIGUEL ROSALES TAHAY,DIVERSIFICADO,PRIVADO,RURAL,ABIERTA,MONOLINGUE,SIN JORNADA,SEMIPRESENCIAL (FIN DE SEMANA),SOLOL�
07-01-0195-46,07-019,SOLOLA,SOLOLA,CENTRO EDUCATIVO INTERCULTURAL PARA EL DESARROLLO COMUNITARIO CEIDECO,5AV. 2-28 ZONA 1 BARRIO SAN ANTONIO,55629690,ESTELA BEN AJCAL�N DE TUY,VILMA JEANNETTE PAR GIR�N,DIVERSIFICADO,PRIVADO,URBANA,ABIERTA,MONOLINGUE,SIN JORNADA,SEMIPRESENCIAL (FIN DE SEMANA),SOLOL�
07-01-0198-46,07-019,SOLOLA,SOLOLA,"INSTITUTO PRIVADO URBANO MIXTO ""SOLOL�""",6TA. AVENIDA 6-37 BARRIO EL CALVARIO ZONA 2,77623103,ESTELA BEN AJCAL�N DE TUY,PATRICIA ROC�O SAMAYOA MALDONADO,DIVERSIFICADO,PRIVADO,URBANA,ABIERTA,MONOLINGUE,SIN JORNADA,SEMIPRESENCIAL (UN D�A A LA SEMANA),SOLOL�
07-01-0200-46,07-019,SOLOLA,SOLOLA,CENTRO EDUCATIVO DE FORMACI�N T�CNICA -CEFTEC-,"6 AVENIDA 13-60 ZONA 1, BARRIO EL CARMEN",58255240,ESTELA BEN AJCAL�N DE TUY,ISRA�L CHOCOJ YAC,DIVERSIFICADO,PRIVADO,URBANA,ABIERTA,MONOLINGUE,SIN JORNADA,SEMIPRESENCIAL (UN D�A A LA SEMANA),SOLOL�
07-01-0499-46,07-019,SOLOLA,SOLOLA,ESCUELA NACIONAL DE CIENCIAS COMERCIALES,13 CALLE Y 5A AVE. ESQUINA ZONA 1,77624233,ESTELA BEN AJCAL�N DE TUY,RAMIRO PANJOJ BULUX,DIVERSIFICADO,OFICIAL,URBANA,ABIERTA,MONOLINGUE,VESPERTINA,DIARIO(REGULAR),SOLOL�
07-01-0500-46,07-019,SOLOLA,SOLOLA,ESCUELA NORMAL PRIVADA,13 CALLE FINAL ZONA 1 COLONIA MIRALINDA,77624433,ESTELA BEN AJCAL�N DE TUY,JORGE MARIO ZELADA S�NCHEZ,DIVERSIFICADO,PRIVADO,URBANA,ABIERTA,MONOLINGUE,VESPERTINA,DIARIO(REGULAR),SOLOL�
07-01-0577-46,07-019,SOLOLA,SOLOLA,"COLEGIO ""INTEGRAL SOLOLATECO""","6TA. AVENIDA 6-37 ZONA 2, BARRIO EL CALVARIO",77623709,ESTELA BEN AJCAL�N DE TUY,ELSA JEANETT S�NCHEZ SOTO,DIVERSIFICADO,PRIVADO,URBANA,ABIERTA,BILINGUE,VESPERTINA,DIARIO(REGULAR),SOLOL�
07-01-0691-46,07-019,SOLOLA,SOLOLA,"COLEGIO PRIVADO URBANO PARA VARONES ""ATITL�N""",13 CALLE 03-19 ZONA 1 BARRIO EL CARMEN,77623319,ESTELA BEN AJCAL�N DE TUY,FRANCISCO ROLANDO ALVARADO RECINOS,DIVERSIFICADO,PRIVADO,URBANA,ABIERTA,MONOLINGUE,VESPERTINA,DIARIO(REGULAR),SOLOL�
07-01-0693-46,07-004,SOLOLA,SOLOLA,"INSTITUTO DE CIENCIAS COMERCIALES POR COOPERATIVA RURAL MIXTO ""SAN JUAN BAUTISTA""",ALDEA SAN JUAN ARGUETA,40579014,V�CTOR MIGUEL MENCH� MENCH�,WILMER GABRIEL MENCH� AJPACAJ�,DIVERSIFICADO,COOPERATIVA,RURAL,ABIERTA,BILINGUE,VESPERTINA,DIARIO(REGULAR),SOLOL�
07-01-2483-46,07-019,SOLOLA,SOLOLA,ESCUELA EN CIENCIAS DE LA COMPUTACION,"3A. CALLE 1-30 ZONA 1, BARRIO SAN ANTONIO",58343319,ESTELA BEN AJCAL�N DE TUY,LUIS LEONARDO ARGUETA MOGOLL�N,DIVERSIFICADO,PRIVADO,URBANA,ABIERTA,MONOLINGUE,DOBLE,DIARIO(REGULAR),SOLOL�
07-01-2568-46,07-019,SOLOLA,SOLOLA,COLEGIO MONTE SION,6A. AVENIDA 8-07 ZONA 2 BARRIO EL CALVARIO,77623832,ESTELA BEN AJCAL�N DE TUY,JOS� DAVID TZAY PU�C,DIVERSIFICADO,PRIVADO,URBANA,ABIERTA,MONOLINGUE,VESPERTINA,DIARIO(REGULAR),SOLOL�
07-01-2687-46,25-000,SOLOLA,SOLOLA,INSTITUTO GUATEMALTECO DE EDUCACION RADIOFONICA (IGER),,,SONIA HAYDEE REYES MONTERROSO,,DIVERSIFICADO,PRIVADO,URBANA,CERRADA TEMPORALMENTE,MONOLINGUE,MATUTINA,A DISTANCIA,SOLOL�
07-01-2702-46,07-003,SOLOLA,SOLOLA,CENTRO EDUCATIVO COMUNITARIO MAYA' TIJOB'�L TZ'OLOJYA',"CASER�O CENTRAL, ALDEA EL TABL�N",77624283,V�CTOR CHUMIL CHIROY,SANTIAGO PANJOJ TUY,DIVERSIFICADO,PRIVADO,RURAL,ABIERTA,BILINGUE,VESPERTINA,DIARIO(REGULAR),SOLOL�
07-01-2737-46,07-019,SOLOLA,SOLOLA,ESCUELA DE FORMACION AGRICOLA,CASERIO MOLINO BEL�N,33048676,ESTELA BEN AJCAL�N DE TUY,MIGUEL ANGEL COJT�N ACET�N,DIVERSIFICADO,OFICIAL,RURAL,CERRADA TEMPORALMENTE,BILINGUE,DOBLE,DIARIO(REGULAR),SOLOL�
07-01-2767-46,07-019,SOLOLA,SOLOLA,ESCUELA NORMAL DE EDUCACI�N F�SICA,"5TA. AVENIDA 2-28 ZONA 1, BARRIO SAN ANTONIO",77625207,ESTELA BEN AJCAL�N DE TUY,JUANA NICOLASA TZOR�N ORD��EZ,DIVERSIFICADO,OFICIAL,URBANA,ABIERTA,MONOLINGUE,DOBLE,DIARIO(REGULAR),SOLOL�
07-01-2768-46,07-019,SOLOLA,SOLOLA,INSTITUTO TECNOLOGICO DE LA UNIVERSIDAD DEL VALLE DE GUATEMALA ALTIPLANO,"KM. 137, CASER�O XOLB� ALDEA EL TABL�N",79310814,ESTELA BEN AJCAL�N DE TUY,MISAEL ANTONIO ESQUINA QUINOM,DIVERSIFICADO,PRIVADO,RURAL,ABIERTA,MONOLINGUE,DOBLE,DIARIO(REGULAR),SOLOL�
07-01-2795-46,,SOLOLA,SOLOLA,INSTITUTO EDUCATIVO TULAN,CASERIO SANTA MARIA ALDEA EL TABLON,,,,DIVERSIFICADO,PRIVADO,RURAL,CERRADA TEMPORALMENTE,MONOLINGUE,MATUTINA,DOMINICAL,SOLOL�
07-01-2807-46,07-019,SOLOLA,SOLOLA,"LICEO MIXTO PRIVADO ""SOLOLA""",13 CALLE ENTRE 4 Y 5 CALLE ZONA 1 BARRIO EL CARMEN,55752442,ESTELA BEN AJCAL�N DE TUY,SALVADOR ALEJANDRO GIR�N ZEPEDA,DIVERSIFICADO,PRIVADO,URBANA,CERRADA TEMPORALMENTE,MONOLINGUE,VESPERTINA,DIARIO(REGULAR),SOLOL�
07-01-2837-46,07-019,SOLOLA,SOLOLA,ESCUELA PRIVADA DE CIENCIAS COMERCIALES,7A. AV. Y 11 CALLE ZONA 1,77623034,ESTELA BEN AJCAL�N DE TUY,,DIVERSIFICADO,PRIVADO,URBANA,CERRADA TEMPORALMENTE,MONOLINGUE,NOCTURNA,DIARIO(REGULAR),SOLOL�
07-02-0006-46,07-005,SOLOLA,SAN JOSE CHACAYA,INSTITUTO NACIONAL DE EDUCACION DIVERSIFICADA,"ZONA 0, SECTOR CENTRO",50905091,JUSTO SANTIAGO PONCIO P�,ZOILA ELIZABETH CU� AJ�,DIVERSIFICADO,OFICIAL,URBANA,ABIERTA,MONOLINGUE,MATUTINA,DIARIO(REGULAR),SOLOL�
07-03-0002-46,07-014,SOLOLA,SANTA MARIA VISITACION,INSTITUTO NACIONAL DE EDUCACION DIVERSIFICADA,SECTOR SUR,41787615,MAGDALENA SOSA TZOC DE TUJ,GLADIS NOHEM� MORENO G�MEZ,DIVERSIFICADO,OFICIAL,URBANA,ABIERTA,MONOLINGUE,VESPERTINA,DIARIO(REGULAR),SOLOL�
07-03-0008-46,07-014,SOLOLA,SANTA MARIA VISITACION,"""INSTITUTO T�CNICO CIENT�FICO INTERCULTURAL -ITECI-""",SANTA MAR�A VISITACI�N,58542494,MAGDALENA SOSA TZOC DE TUJ,EDWIN EFRA�N PU�C DIONISIO,DIVERSIFICADO,OFICIAL,URBANA,ABIERTA,MONOLINGUE,MATUTINA,DIARIO(REGULAR),SOLOL�
07-03-0558-46,07-014,SOLOLA,SANTA MARIA VISITACION,INSTITUTO PRIVADO LA SALLE,.,79271884,MAGDALENA SOSA TZOC DE TUJ,NICOL�S CORNELIO CHAVAJAY PEREZ,DIVERSIFICADO,PRIVADO,URBANA,CERRADA TEMPORALMENTE,MONOLINGUE,DOBLE,DIARIO(REGULAR),SOLOL�
07-03-2928-46,07-014,SOLOLA,SANTA MARIA VISITACION,CENTRO EDUCATIVO COMUNITARIO INTERCULTURAL POR MADUREZ CECIM,EDIFICIO DEL INSTITUTO LA SALLE ENTRADA PRINCIPAL,57274128,MAGDALENA SOSA TZOC DE TUJ,VICTOR QUICH� AJCH�,DIVERSIFICADO,PRIVADO,URBANA,ABIERTA,MONOLINGUE,DOBLE,FIN DE SEMANA,SOLOL�
07-04-0008-46,07-006,SOLOLA,SANTA LUCIA UTATLAN,COLEGIO PRIVADO DR. JORGE ROMERO IMERY,"BARRIO ""EL ROSARIO""",77221518,LESTER FRANCISCO PUAC COCHOY,MARCOS JOSU� AQUINO NORIEGA,DIVERSIFICADO,PRIVADO,URBANA,ABIERTA,MONOLINGUE,MATUTINA,DIARIO(REGULAR),SOLOL�
07-04-0009-46,07-006,SOLOLA,SANTA LUCIA UTATLAN,"INSTITUTO PRIVADO DE EDUCACION DIVERSIFICADA ""CONOCIMIENTO Y VERDAD""",2DA. CALLE 1-12 ZONA 1,77221533,LESTER FRANCISCO PUAC COCHOY,HECTOR TIMOTEO CHAVEZ Y CHAVEZ,DIVERSIFICADO,PRIVADO,URBANA,CERRADA TEMPORALMENTE,MONOLINGUE,VESPERTINA,DIARIO(REGULAR),SOLOL�
07-04-0023-46,07-006,SOLOLA,SANTA LUCIA UTATLAN,INSTITUTO NACIONAL DE EDUCACI�N DIVERSIFICADA,SANTA LUC�A UTATL�N,45743435,LESTER FRANCISCO PUAC COCHOY,JAVIER M�XIMO ALVA NOJ,DIVERSIFICADO,OFICIAL,URBANA,ABIERTA,MONOLINGUE,MATUTINA,DIARIO(REGULAR),SOLOL�
07-04-0038-46,07-006,SOLOLA,SANTA LUCIA UTATLAN,"INSTITUTO PRIVADO DE EDUCACI�N DIVERSIFICADA ""CONOCIMIENTO Y VERDAD""",2DA. CALLE 1-12 ZONA 1,77221533,LESTER FRANCISCO PUAC COCHOY,H�CTOR TIMOTEO CH�VEZ Y CH�VEZ,DIVERSIFICADO,PRIVADO,URBANA,CERRADA TEMPORALMENTE,MONOLINGUE,DOBLE,FIN DE SEMANA,SOLOL�
07-04-0041-46,07-006,SOLOLA,SANTA LUCIA UTATLAN,ESCUELA NORMAL REGIONAL DE OCCIDENTE,"PARCELAMIENTO EL MOLINO SAN PEDRO, CANTON CHUCHEXIC",78234597,LESTER FRANCISCO PUAC COCHOY,MOISES MARIANO SAY SOL�S,DIVERSIFICADO,OFICIAL,RURAL,ABIERTA,MONOLINGUE,MATUTINA,DIARIO(REGULAR),SOLOL�
07-04-0042-46,07-006,SOLOLA,SANTA LUCIA UTATLAN,ESCUELA NORMAL REGIONAL DE OCCIDENTE,"CANT�N CHUCHEXIC, PARCELAMIENTO EL MOLINO SAN PEDRO",78234597,LESTER FRANCISCO PUAC COCHOY,MOISES MARIANO SAY SOL�S,DIVERSIFICADO,OFICIAL,RURAL,ABIERTA,MONOLINGUE,DOBLE,DIARIO(REGULAR),SOLOL�
07-04-0091-46,07-006,SOLOLA,SANTA LUCIA UTATLAN,ESCUELA NORMAL REGIONAL DE OCCIDENTE,CANTON CHUCHEXIC PARCELAMIENTO EL MOLINO SAN PEDRO,78234597,LESTER FRANCISCO PUAC COCHOY,MOISES MARIANO SAY SOL�S,DIVERSIFICADO,OFICIAL,RURAL,ABIERTA,BILINGUE,DOBLE,DIARIO(REGULAR),SOLOL�
07-04-2766-46,07-006,SOLOLA,SANTA LUCIA UTATLAN,ESCUELA NORMAL INFANTIL BILINGUE ADSCRITA A LA NORMAL REGIONAL DE OCCIDENTE ENRO,FINCA MOLINO SAN PEDRO,78234597,LESTER FRANCISCO PUAC COCHOY,MARIO ANSELMO TUJ CHOCOY,DIVERSIFICADO,OFICIAL,RURAL,ABIERTA,BILINGUE,DOBLE,DIARIO(REGULAR),SOLOL�
07-04-3030-46,07-006,SOLOLA,SANTA LUCIA UTATLAN,COLEGIO PRIVADO DR. JORGE ROMERO IMERY,"BARRIO ""EL ROSARIO""",77221518,LESTER FRANCISCO PUAC COCHOY,MARCOS JOSU� AQUINO NORIEGA,DIVERSIFICADO,PRIVADO,URBANA,ABIERTA,MONOLINGUE,VESPERTINA,DIARIO(REGULAR),SOLOL�
07-04-3031-46,07-006,SOLOLA,SANTA LUCIA UTATLAN,COLEGIO PRIVADO DR.JORGE ROMERO IMERY,,58784198,LESTER FRANCISCO PUAC COCHOY,,DIVERSIFICADO,PRIVADO,URBANA,CERRADA TEMPORALMENTE,MONOLINGUE,DOBLE,SABATINO,SOLOL�
07-04-3085-46,07-006,SOLOLA,SANTA LUCIA UTATLAN,COLEGIO Q UMARKAJ,"PARAJE CRUZ B, CANT�N PAHAJ",41011018,LESTER FRANCISCO PUAC COCHOY,ALLAN MAGDIEL GODOY V�SQUEZ,DIVERSIFICADO,PRIVADO,RURAL,ABIERTA,MONOLINGUE,VESPERTINA,DIARIO(REGULAR),SOLOL�
07-05-0053-46,07-007,SOLOLA,NAHUALA,INSTITUTO NACIONAL DE EDUCACION DIVERSIFICADA,1RA. AVENIDA A-062 ZONA 3,30694648,DAVID FERNANDO PAZ LOPEZ,DANIEL TZEP CHAVEZ,DIVERSIFICADO,OFICIAL,URBANA,ABIERTA,MONOLINGUE,VESPERTINA,DIARIO(REGULAR),SOLOL�
07-05-0204-46,07-007,SOLOLA,NAHUALA,"INSTITUTO COMUNITARIO DE CIENCIAS COMERCIALES ""EL ALTIPLANO""",CASER�O CHUANAHUAL�,52803917,DAVID FERNANDO PAZ LOPEZ,DIEGO VICTOR JAMINEZ TUM,DIVERSIFICADO,PRIVADO,RURAL,ABIERTA,MONOLINGUE,MATUTINA,DIARIO(REGULAR),SOLOL�
07-05-0208-46,07-007,SOLOLA,NAHUALA,INSTITUTO DE EDUCACI�N DIVERSIFICADA POR COOPERATIVA DE ENSE�ANZA,ALDEA PACHUTIQUIM,50449399,DAVID FERNANDO PAZ LOPEZ,DIEGO BERNARDO IXMAT� TZIQU�N,DIVERSIFICADO,COOPERATIVA,RURAL,ABIERTA,MONOLINGUE,VESPERTINA,DIARIO(REGULAR),SOLOL�
07-05-0210-46,07-007,SOLOLA,NAHUALA,"INSTITUTO MIXTO DE EDUCACI�N DIVERSIFICADA POR COOPERATIVA ""MAYA NA OJ""",CANT�N CHIQUIX,30062219,DAVID FERNANDO PAZ LOPEZ,FELIPE TAMBRIZ TAMBRIZ,DIVERSIFICADO,COOPERATIVA,RURAL,ABIERTA,MONOLINGUE,MATUTINA,DIARIO(REGULAR),SOLOL�
07-05-0271-46,07-009,SOLOLA,NAHUALA,"CENTRO EDUCATIVO ""SANTIAGO DE LA ASUNCI�N"" FE Y ALEGR�A NO. 51",CARRETERA PRINCIPAL ENTRADA A LA ALDEA XEJUYUP,30331256,MANUEL CHOV�N GUACHIAC,MIGUEL SAC CHOX,DIVERSIFICADO,PRIVADO,RURAL,ABIERTA,MONOLINGUE,VESPERTINA,DIARIO(REGULAR),SOLOL�
07-05-2019-46,07-007,SOLOLA,NAHUALA,INSTITUTO MIXTO OXLAJUJ NOJ,CASER�O CHUANAHUAL�,53315919,DAVID FERNANDO PAZ LOPEZ,MANUEL ESQUIPULAS TZOC IXMAT�,DIVERSIFICADO,PRIVADO,URBANA,ABIERTA,BILINGUE,VESPERTINA,DIARIO(REGULAR),SOLOL�
07-05-2022-46,07-007,SOLOLA,NAHUALA,INSTITUTO COMUNITARIO DE CIENCIAS COMERCIALES EL ALTIPLANO,NAHUALA,52803917,DAVID FERNANDO PAZ LOPEZ,DIEGO VICTOR JAMINEZ TUM,DIVERSIFICADO,PRIVADO,URBANA,ABIERTA,MONOLINGUE,VESPERTINA,DIARIO(REGULAR),SOLOL�
07-06-0036-46,07-008,SOLOLA,SANTA CATARINA IXTAHUACAN,INSTITUTO NACIONAL DE EDUCACI�N DIVERSIFICADA,BARRIO EL CALVARIO,48873442,MAXIMILIANO L�PEZ CRISTOBAL,ELENA TUM CATINAC,DIVERSIFICADO,OFICIAL,URBANA,ABIERTA,MONOLINGUE,MATUTINA,DIARIO(REGULAR),SOLOL�
07-06-0038-46,07-010,SOLOLA,SANTA CATARINA IXTAHUACAN,INSTITUTO NACIONAL DE EDUCACION DIVERSIFICADA,ALDEA GUINEALES,55077505,MANUEL IXT�S M�S,MAR�A ANTONIETA AJPACAJ� GARC�A,DIVERSIFICADO,OFICIAL,RURAL,CERRADA TEMPORALMENTE,MONOLINGUE,VESPERTINA,DIARIO(REGULAR),SOLOL�
07-06-0084-46,07-008,SOLOLA,SANTA CATARINA IXTAHUACAN,"ESCUELA NACIONAL DE CIENCIAS COMERCIALES ""DR. JUAN JOS� AR�VALO BERMEJO""",ALDEA CHIRIJOX,33239433,MAXIMILIANO L�PEZ CRISTOBAL,PATRICIA TAMBRIZ Y TAMBRIZ,DIVERSIFICADO,OFICIAL,RURAL,ABIERTA,MONOLINGUE,VESPERTINA,DIARIO(REGULAR),SOLOL�
07-06-0098-46,07-018,SOLOLA,SANTA CATARINA IXTAHUACAN,"INSTITUTO NACIONAL DE EDUCACI�N DIVERSIFICADA ""DON PASCUAL TAMBRIZ TZEP""",ALDEA LA CEIBA,57181585,IDELFONSO JER�NIMO AMBROCIO TAMBRIZ,JUSTO ELISEO QUIVAJ� CHUC,DIVERSIFICADO,OFICIAL,RURAL,ABIERTA,MONOLINGUE,VESPERTINA,DIARIO(REGULAR),SOLOL�
07-06-0099-46,07-008,SOLOLA,SANTA CATARINA IXTAHUACAN,INSTITUTO DIVERSIFICADO NORMAL MIXTO POR COOPERATIVA K'AK AQ'AB'AL,ANTIGUA SANTA CATARINA IXTAHUACAN,41745441,MAXIMILIANO L�PEZ CRISTOBAL,JUAN ROBERTO AJPACAJ� GUACHIAC,DIVERSIFICADO,COOPERATIVA,RURAL,ABIERTA,MONOLINGUE,VESPERTINA,DIARIO(REGULAR),SOLOL�
07-06-0101-46,07-018,SOLOLA,SANTA CATARINA IXTAHUACAN,"INSTITUTO NACIONAL DE EDUCACI�N DIVERSIFICADA ""DON PASCUAL TAMBRIZ TZEP""",ALDEA LA CEIBA,57181585,IDELFONSO JER�NIMO AMBROCIO TAMBRIZ,JUSTO ELISEO QUIVAJ� CHUC,DIVERSIFICADO,OFICIAL,RURAL,ABIERTA,BILINGUE,VESPERTINA,DIARIO(REGULAR),SOLOL�
07-06-0584-46,07-008,SOLOLA,SANTA CATARINA IXTAHUACAN,INSTITUTO COMUNITARIO PARAISO MAYA,BARRIO CALVARIO,30652376,MAXIMILIANO L�PEZ CRISTOBAL,FRANCISCO CECILIO AJPACAJA,DIVERSIFICADO,PRIVADO,URBANA,ABIERTA,BILINGUE,VESPERTINA,DIARIO(REGULAR),SOLOL�
07-07-0013-46,07-016,SOLOLA,SANTA CLARA LA LAGUNA,INSTITUTO NACIONAL DE EDUCACI�N DIVERSIFICADA,ESCUELA OFICIAL URBANA MIXTA NO. 2,32507474,ENRIQUE RAFAEL CHIYAL T�,LUIS ISRAEL QUICH� CUMPAR,DIVERSIFICADO,OFICIAL,URBANA,ABIERTA,MONOLINGUE,VESPERTINA,DIARIO(REGULAR),SOLOL�
07-07-0018-46,07-016,SOLOLA,SANTA CLARA LA LAGUNA,CENTRO EDUCATIVO COMUNITARIO (CEDCOM),"2A, AVENIDA 6-24 ZONA 1",79272004,ENRIQUE RAFAEL CHIYAL T�,FRANCISCO ROBERTO RAM�REZ IXMAT�,DIVERSIFICADO,PRIVADO,URBANA,ABIERTA,MONOLINGUE,VESPERTINA,DIARIO(REGULAR),SOLOL�
07-07-0022-46,07-016,SOLOLA,SANTA CLARA LA LAGUNA,CENTRO EDUCATIVO DE FORMACION INTEGRAL SANTA CLARA -CEFISAC-,BARRIO SAN ANTONIO,51183129,ENRIQUE RAFAEL CHIYAL T�,JUAN SAC TUJ,DIVERSIFICADO,PRIVADO,URBANA,ABIERTA,MONOLINGUE,DOBLE,FIN DE SEMANA,SOLOL�
07-07-0024-46,07-016,SOLOLA,SANTA CLARA LA LAGUNA,CENTRO EDUCATIVO DE FORMACION INTEGRAL SANTA CLARA -CEFISAC-,BARRIO SAN ANTONIO,51183129,ENRIQUE RAFAEL CHIYAL T�,ISRAEL CHOCOJ YAC,DIVERSIFICADO,PRIVADO,URBANA,CERRADA TEMPORALMENTE,MONOLINGUE,DOBLE,DOMINICAL,SOLOL�
07-09-0008-46,07-017,SOLOLA,SAN ANDRES SEMETABAJ,CENTRO EDUCATIVO MAYA KIKOTEM,BARRIO TZANJUYU,,JUAN UJP�N RODENO,GEREMIAS GARCIA SIC,DIVERSIFICADO,PRIVADO,URBANA,CERRADA TEMPORALMENTE,MONOLINGUE,VESPERTINA,DIARIO(REGULAR),SOLOL�
07-09-0010-46,07-017,SOLOLA,SAN ANDRES SEMETABAJ,INED INSTITUTO NACIONAL DE EDUCACI�N DIVERSIFICADA,BARRIO EL CENTRO,56956354,JUAN UJP�N RODENO,REINALDO PEDRO MIGUEL TAC�N XAMB�,DIVERSIFICADO,OFICIAL,URBANA,ABIERTA,BILINGUE,VESPERTINA,DIARIO(REGULAR),SOLOL�
07-09-0023-46,07-017,SOLOLA,SAN ANDRES SEMETABAJ,INSTITUTO MIXTO DE EDUCACI�N DIVERSIFICADA POR COOPERATIVA,ALDEA GOD�NEZ,53243719,JUAN UJP�N RODENO,FAVIOLA CANDIDA MOTTA DE LE�N,DIVERSIFICADO,COOPERATIVA,RURAL,ABIERTA,MONOLINGUE,VESPERTINA,DIARIO(REGULAR),SOLOL�
07-09-0024-46,07-017,SOLOLA,SAN ANDRES SEMETABAJ,"ESCUELA NORMAL BILING�E PRIVADA MIXTA ""KIKOTEN""",BARRIO TZANJUY�,77221854,JUAN UJP�N RODENO,TOM�S WALDEMAR MORALES SACUJ,DIVERSIFICADO,PRIVADO,URBANA,CERRADA TEMPORALMENTE,BILINGUE,VESPERTINA,DIARIO(REGULAR),SOLOL�
07-09-0025-46,07-017,SOLOLA,SAN ANDRES SEMETABAJ,"ESCUELA NORMAL BILING�E PRIVADA MIXTA ""KIKOTEN""",BARRIO TZANJUY�,77621854,JUAN UJP�N RODENO,TOM�S WALDEMAR MORALES SACUJ,DIVERSIFICADO,PRIVADO,URBANA,CERRADA TEMPORALMENTE,MONOLINGUE,VESPERTINA,DIARIO(REGULAR),SOLOL�
07-09-0570-46,07-017,SOLOLA,SAN ANDRES SEMETABAJ,"INSTITUTO INDIGENA ""NUESTRA SE�ORA DEL SOCORRO""",BARRIO EL CENTRO,77221822,JUAN UJP�N RODENO,NELY MELINA L�PEZ RAXT�N,DIVERSIFICADO,PRIVADO,URBANA,ABIERTA,MONOLINGUE,DOBLE,DIARIO(REGULAR),SOLOL�
07-09-2414-46,07-017,SOLOLA,SAN ANDRES SEMETABAJ,ESCUELA NORMAL BILINGUE PRIVADA 'KIKOTEN',BARRIO TZANJUYU,,JUAN UJP�N RODENO,,DIVERSIFICADO,PRIVADO,URBANA,CERRADA TEMPORALMENTE,BILINGUE,INTERMEDIA,DIARIO(REGULAR),SOLOL�
07-10-0001-46,07-011,SOLOLA,PANAJACHEL,"LICEO EVANG�LICO ""EBEN-EZER""",0 CALLE 0-22 ZONA 1,77621715,PORFIRIO GEREMIAS PAR CHAVAJAY,MILDRED REBECA HERN�NDEZ CH�VEZ,DIVERSIFICADO,PRIVADO,URBANA,ABIERTA,MONOLINGUE,MATUTINA,DIARIO(REGULAR),SOLOL�
07-10-0003-46,07-011,SOLOLA,PANAJACHEL,COLEGIO MIXTO JUAN PABLO II,CALLE DE LOS ARBOLES,77620346,PORFIRIO GEREMIAS PAR CHAVAJAY,LUC�A EUGENIA XON CORADO,DIVERSIFICADO,PRIVADO,URBANA,CERRADA TEMPORALMENTE,MONOLINGUE,MATUTINA,DIARIO(REGULAR),SOLOL�
07-10-0007-46,07-011,SOLOLA,PANAJACHEL,INSTITUTO NACIONAL DE EDUCACI�N DIVERSIFICADA,0 AVENIDA 3-03 ZONA 4,77621417,PORFIRIO GEREMIAS PAR CHAVAJAY,NANCY GABRIELA YOX�N C�MES,DIVERSIFICADO,OFICIAL,RURAL,ABIERTA,MONOLINGUE,VESPERTINA,DIARIO(REGULAR),SOLOL�
07-10-0031-46,07-011,SOLOLA,PANAJACHEL,COLEGIO PRIVADO TECHNICIENCIA DEL LAGO,CALLE PRINCIPAL 0-72 ZONA 2,77620035,PORFIRIO GEREMIAS PAR CHAVAJAY,OLGA YESENIA ROSALES ORD��EZ,DIVERSIFICADO,PRIVADO,URBANA,ABIERTA,MONOLINGUE,DOBLE,DIARIO(REGULAR),SOLOL�
07-10-0032-46,07-011,SOLOLA,PANAJACHEL,"LICEO EVANG�LICO ""EBEN-EZER""",0 CALLE 0-22 ZONA 1,77622043,PORFIRIO GEREMIAS PAR CHAVAJAY,MILDRED REBECA HERN�NDEZ CH�VEZ,DIVERSIFICADO,PRIVADO,URBANA,ABIERTA,MONOLINGUE,DOBLE,DIARIO(REGULAR),SOLOL�
07-10-0035-46,07-011,SOLOLA,PANAJACHEL,LICEO DEL LAGO,"4TA. CALLE 3-68, ZONA 2",77620631,PORFIRIO GEREMIAS PAR CHAVAJAY,SONIA MARITZA ANLEU P�REZ DE CALDER�N,DIVERSIFICADO,PRIVADO,URBANA,CERRADA TEMPORALMENTE,MONOLINGUE,VESPERTINA,DIARIO(REGULAR),SOLOL�
07-10-0036-46,07-011,SOLOLA,PANAJACHEL,LICEO DEL LAGO,"4TA. CALLE 3-68, ZONA 2",77620631,PORFIRIO GEREMIAS PAR CHAVAJAY,SONIA MARITZA ANLEU PEREZ DE CALDER�N,DIVERSIFICADO,PRIVADO,URBANA,CERRADA TEMPORALMENTE,MONOLINGUE,MATUTINA,DIARIO(REGULAR),SOLOL�
07-10-0037-46,07-011,SOLOLA,PANAJACHEL,PANAJACHEL COLEGIO INTERNACIONAL,2DA. AVENIDA (VP) 4-33 ZONA 1,36179676,PORFIRIO GEREMIAS PAR CHAVAJAY,ABNER ISA�AS SAMINES QUECH�,DIVERSIFICADO,PRIVADO,URBANA,ABIERTA,MONOLINGUE,MATUTINA,DIARIO(REGULAR),SOLOL�
07-10-0038-46,07-011,SOLOLA,PANAJACHEL,COLEGIO MIXTO LICEO PANAJACHEL,"CALLE PRINCIPAL FRENTE AL PARQUE MUNICIPAL, ZONA 01",55693589,PORFIRIO GEREMIAS PAR CHAVAJAY,JUANA XON XON,DIVERSIFICADO,PRIVADO,URBANA,ABIERTA,MONOLINGUE,DOBLE,FIN DE SEMANA,SOLOL�
07-10-0041-46,07-011,SOLOLA,PANAJACHEL,INSTITUTO NACIONAL DE EDUCACI�N DIVERSIFICADA,0 AVENIDA 3-03 ZONA 4,77621417,PORFIRIO GEREMIAS PAR CHAVAJAY,NANCY GABRIELA YOX�N C�MES,DIVERSIFICADO,OFICIAL,URBANA,ABIERTA,MONOLINGUE,DOBLE,DIARIO(REGULAR),SOLOL�
07-10-0043-46,07-011,SOLOLA,PANAJACHEL,COLEGIO POR MADUREZ TIJAX,CALLE PRINCIPAL ZONA 1,55693589,PORFIRIO GEREMIAS PAR CHAVAJAY,JUANA XON XON,DIVERSIFICADO,PRIVADO,URBANA,ABIERTA,MONOLINGUE,SIN JORNADA,SEMIPRESENCIAL (UN D�A A LA SEMANA),SOLOL�
07-10-0701-46,07-011,SOLOLA,PANAJACHEL,COLEGIO SAN FRANCISCO,2A. AVENIDA (V.P.) 1-43 ZONA 1,77626164,PORFIRIO GEREMIAS PAR CHAVAJAY,DIEGO FRANCISCO COSME RECINOS,DIVERSIFICADO,PRIVADO,URBANA,ABIERTA,MONOLINGUE,MATUTINA,DIARIO(REGULAR),SOLOL�
07-10-2418-46,07-011,SOLOLA,PANAJACHEL,"LICEO URRUTIA CEEP, CENTRO EDUCATIVO EXPERIMENTAL Y PROFESIONAL",1A. CALLE 0-45 ZONA 1,40527345,PORFIRIO GEREMIAS PAR CHAVAJAY,ELENA PATRICIA ORELLANA URRUTIA,DIVERSIFICADO,PRIVADO,URBANA,ABIERTA,MONOLINGUE,MATUTINA,DIARIO(REGULAR),SOLOL�
07-10-2419-46,07-011,SOLOLA,PANAJACHEL,"LICEO URRUTIA CEEP, CENTRO EDUCATIVO EXPERIMENTAL Y PROFESIONAL",1A. CALLE 0-45 ZONA 1,40527345,PORFIRIO GEREMIAS PAR CHAVAJAY,ELENA PATRICIA ORELLANA URRUTIA,DIVERSIFICADO,PRIVADO,URBANA,ABIERTA,MONOLINGUE,VESPERTINA,DIARIO(REGULAR),SOLOL�
07-10-2484-46,07-011,SOLOLA,PANAJACHEL,COLEGIO PRIVADO TECHNICIENCIA DEL LAGO,CALLE PRINCIPAL 0-72 ZONA 2,77620035,PORFIRIO GEREMIAS PAR CHAVAJAY,OLGA YESENIA ROSALES ORD��EZ,DIVERSIFICADO,PRIVADO,URBANA,ABIERTA,MONOLINGUE,VESPERTINA,DIARIO(REGULAR),SOLOL�
07-10-3037-46,07-011,SOLOLA,PANAJACHEL,COLEGIO MIXTO LICEO PANAJACHEL,,55693589,PORFIRIO GEREMIAS PAR CHAVAJAY,JUANA XON XON,DIVERSIFICADO,PRIVADO,URBANA,ABIERTA,MONOLINGUE,MATUTINA,DOMINICAL,SOLOL�
07-10-3038-46,07-011,SOLOLA,PANAJACHEL,COLEGIO MIXTO JUAN PABLO II,CALLE DE LOS ARBOLES,77620346,PORFIRIO GEREMIAS PAR CHAVAJAY,LUC�A EUGENIA XON CORADO,DIVERSIFICADO,PRIVADO,URBANA,ABIERTA,MONOLINGUE,MATUTINA,DIARIO(REGULAR),SOLOL�
07-10-3075-46,07-011,SOLOLA,PANAJACHEL,COLEGIO ACADEMIA MULTICULTURAL ATITLAN,1A. AVENIDA 0-68 ZONA 2,77620490,PORFIRIO GEREMIAS PAR CHAVAJAY,LUC�A EUGENIA XON CORADO,DIVERSIFICADO,PRIVADO,URBANA,ABIERTA,MONOLINGUE,VESPERTINA,DIARIO(REGULAR),SOLOL�
07-10-3106-46,07-011,SOLOLA,PANAJACHEL,INSTITUTO COEDUCATIVO DIVERSIFICADO PRIVADO,BARRIO JUCANYA,,PORFIRIO GEREMIAS PAR CHAVAJAY,,DIVERSIFICADO,PRIVADO,URBANA,CERRADA TEMPORALMENTE,MONOLINGUE,INTERMEDIA,DIARIO(REGULAR),SOLOL�
07-12-0007-46,07-023,SOLOLA,SAN ANTONIO PALOPO,INSTITUTO NACIONAL DE EDUCACI�N DIVERSIFICADA -INED-,ALDEA AGUA ESCONDIDA,31869860,EDWIN WILFREDO AJCAL�N YAX�N,ALEX NEHEM�AS SACUJ MORALES,DIVERSIFICADO,OFICIAL,RURAL,ABIERTA,MONOLINGUE,VESPERTINA,DIARIO(REGULAR),SOLOL�
07-13-0016-46,07-030,SOLOLA,SAN LUCAS TOLIMAN,INSTITUTO NACIONAL DE EDUCACI�N DIVERSIFICADA,AVENIDA PAVAROTTI FINAL,50181471,ABRAHAM ALBERTO COSIGUA MEJIA,JORGE HUMBERTO V�LIZ NAVICHOC,DIVERSIFICADO,OFICIAL,URBANA,ABIERTA,MONOLINGUE,VESPERTINA,DIARIO(REGULAR),SOLOL�
07-13-0027-46,07-030,SOLOLA,SAN LUCAS TOLIMAN,CENTRO DE ESTUDIOS AVANZADOS,3AV. 5-75 ZONA 1 CALZADA LA PAZ,77220700,ABRAHAM ALBERTO COSIGUA MEJIA,ESTEBAN SANTIAGO GARCIA,DIVERSIFICADO,PRIVADO,URBANA,ABIERTA,MONOLINGUE,VESPERTINA,DIARIO(REGULAR),SOLOL�
07-13-0028-46,07-030,SOLOLA,SAN LUCAS TOLIMAN,CENTRO DE ESTUDIOS AVANZADOS,3AV. 5-75 ZONA 1 CALZADA LA PAZ,77220700,ABRAHAM ALBERTO COSIGUA MEJIA,ESTEBAN SANTIAGO GARCIA,DIVERSIFICADO,PRIVADO,URBANA,ABIERTA,MONOLINGUE,MATUTINA,DIARIO(REGULAR),SOLOL�
07-13-0029-46,07-030,SOLOLA,SAN LUCAS TOLIMAN,CENTRO DE ESTUDIOS AVANZADOS,3AV. 5-75 ZONA 1 CALZADA LA PAZ,77220700,ABRAHAM ALBERTO COSIGUA MEJIA,ESTEBAN SANTIAGO GARCIA,DIVERSIFICADO,PRIVADO,URBANA,ABIERTA,MONOLINGUE,DOBLE,FIN DE SEMANA,SOLOL�
07-13-0037-46,07-030,SOLOLA,SAN LUCAS TOLIMAN,CENTRO EDUCATIVO SANTO DOMINGO,5TA. CALLE 6-79 ZONA 1,77220266,ABRAHAM ALBERTO COSIGUA MEJIA,JORGE HUMBERTO V�LIZ NAVICHOC,DIVERSIFICADO,PRIVADO,URBANA,ABIERTA,MONOLINGUE,NOCTURNA,DIARIO(REGULAR),SOLOL�
07-13-0038-46,07-030,SOLOLA,SAN LUCAS TOLIMAN,CENTRO EDUCATIVO SANTO DOMINGO,5TA. CALLE 6-79 ZONA 1,77220266,ABRAHAM ALBERTO COSIGUA MEJIA,JORGE HUMBERTO V�LIZ NAVICHOC,DIVERSIFICADO,PRIVADO,URBANA,ABIERTA,MONOLINGUE,VESPERTINA,DIARIO(REGULAR),SOLOL�
07-13-0046-46,07-030,SOLOLA,SAN LUCAS TOLIMAN,INSTITUTO MIXTO DE EDUCACI�N DIVERSIFICADA POR COOPERATIVA,PARCELAMIENTO PAMPOJIL�,58900781,ABRAHAM ALBERTO COSIGUA MEJIA,GERARDO MORALES CUJ,DIVERSIFICADO,COOPERATIVA,RURAL,ABIERTA,MONOLINGUE,VESPERTINA,DIARIO(REGULAR),SOLOL�
07-13-0331-46,07-030,SOLOLA,SAN LUCAS TOLIMAN,"ESCUELA NACIONAL DE CIENCIAS COMERCIALES ""CARLOTA RAPHAEL DE DIAZ""",5A. CALLE 5-65 ZONA 1,77220200,ABRAHAM ALBERTO COSIGUA MEJIA,MAR�A FRANCISCA JULAJUJ MEJ�A,DIVERSIFICADO,OFICIAL,URBANA,ABIERTA,MONOLINGUE,VESPERTINA,DIARIO(REGULAR),SOLOL�
07-13-2708-46,07-030,SOLOLA,SAN LUCAS TOLIMAN,"COLEGIO ""INTEGRAL TOLIMAN""",7A. AVENIDA 1-58 ZONA 1,77930645,ABRAHAM ALBERTO COSIGUA MEJIA,CRUZ MENDOZA YAX�N,DIVERSIFICADO,PRIVADO,URBANA,ABIERTA,BILINGUE,VESPERTINA,DIARIO(REGULAR),SOLOL�
07-13-2799-46,07-022,SOLOLA,SAN LUCAS TOLIMAN,INSTITUTO EDUCATIVO TULAN,PARCELAMIENTO PAMPOJILA,,ANGEL ARMENIO LETONA GALINDO,,DIVERSIFICADO,PRIVADO,RURAL,CERRADA TEMPORALMENTE,MONOLINGUE,DOBLE,DOMINICAL,SOLOL�
07-13-2869-46,07-030,SOLOLA,SAN LUCAS TOLIMAN,CENTRO EDUCATIVO SANTO DOMINGO,5TA. CALLE 6-79 ZONA 1,77220266,ABRAHAM ALBERTO COSIGUA MEJIA,JORGE HUMBERTO V�LIZ NAVICHOC,DIVERSIFICADO,PRIVADO,URBANA,ABIERTA,MONOLINGUE,DOBLE,FIN DE SEMANA,SOLOL�
07-15-0005-46,07-021,SOLOLA,SAN PABLO LA LAGUNA,INSTITUTO NACIONAL DE EDUCACION DIVERSIFICADA,2DA. AVENIDA 4-60 ZONA 2,35310445,ADA LORENA HERN�NDEZ AGUILAR,ERWIN DANIEL UJP�N UJP�N,DIVERSIFICADO,OFICIAL,URBANA,ABIERTA,MONOLINGUE,VESPERTINA,DIARIO(REGULAR),SOLOL�
07-15-0012-46,07-021,SOLOLA,SAN PABLO LA LAGUNA,CENTRO EDUCATIVO COMUNITARIO DE FORMACI�N INTEGRAL SAN PABLO,3RA AVENIDA 1-68 ZONA 1,52665797,ADA LORENA HERN�NDEZ AGUILAR,PEDRO CULUM IXCAYA,DIVERSIFICADO,PRIVADO,URBANA,ABIERTA,MONOLINGUE,DOBLE,FIN DE SEMANA,SOLOL�
07-16-0004-46,07-021,SOLOLA,SAN MARCOS LA LAGUNA,"INSTITUTO TECNOLOGICO COMUNITARIO MARQUENSE ""ITCOM""",SAN MARCOS LA LAGUNA,57274128,ADA LORENA HERN�NDEZ AGUILAR,VICTOR QUICH� AJCH�,DIVERSIFICADO,PRIVADO,URBANA,CERRADA TEMPORALMENTE,MONOLINGUE,VESPERTINA,DIARIO(REGULAR),SOLOL�
07-17-0012-46,07-028,SOLOLA,SAN JUAN LA LAGUNA,INSTITUTO NACIONAL DE EDUCACI�N DIVERSIFICADA,0 CALLE A CANT�N XE KAQASIIWAAN ZONA 1,54120573,AMARILIS EVELYN SALANIC SAC,FRANCISCO JAVIER UJP�N HERN�NDEZ,DIVERSIFICADO,OFICIAL,URBANA,ABIERTA,MONOLINGUE,MATUTINA,DIARIO(REGULAR),SOLOL�
07-17-0027-46,07-028,SOLOLA,SAN JUAN LA LAGUNA,LICEO SISTEMATICO INTEGRAL -LISI-,CANTON CHI NIMAYA,47363428,AMARILIS EVELYN SALANIC SAC,PEDRO SANTIAGO CUC CHOLOT�O,DIVERSIFICADO,PRIVADO,RURAL,ABIERTA,MONOLINGUE,MATUTINA,DIARIO(REGULAR),SOLOL�
07-17-0028-46,07-028,SOLOLA,SAN JUAN LA LAGUNA,INSTITUTO NACIONAL DE EDUCACI�N DIVERSIFICADA,0 CALLE A CANTON XE KAQASIIWAAN ZONA 1,54120573,AMARILIS EVELYN SALANIC SAC,FRANCISCO JAVIER UJP�N HERN�NDEZ,DIVERSIFICADO,OFICIAL,URBANA,ABIERTA,MONOLINGUE,DOBLE,DIARIO(REGULAR),SOLOL�
07-17-2619-46,07-028,SOLOLA,SAN JUAN LA LAGUNA,"CENTRO EDUCATIVO INTEGRAL MAYA TZ'UTUJIL ""OSCAR AZMITIA""",CANT�N PANOXTI,58324172,AMARILIS EVELYN SALANIC SAC,CRIST�BAL ERMITA�O CHOLOT�O V�SQUEZ,DIVERSIFICADO,PRIVADO,URBANA,ABIERTA,MONOLINGUE,VESPERTINA,DIARIO(REGULAR),SOLOL�
07-17-3023-46,07-013,SOLOLA,SAN JUAN LA LAGUNA,LICEO SISTEMATICO INTEGRAL LISI,COLONIA NUEVA ESPERANZA,58050639,MANUEL EDUARDO CHOLOTIO COCHE,LUCAS CHOLOTIO PEREZ,DIVERSIFICADO,PRIVADO,URBANA,CERRADA TEMPORALMENTE,MONOLINGUE,INTERMEDIA,DIARIO(REGULAR),SOLOL�
07-18-0008-46,07-013,SOLOLA,SAN PEDRO LA LAGUNA,INSTITUTO NACIONAL DE EDUCACI�N DIVERSIFICADA,4A. AVENIDA D 5-35 ZONA 2 CANT�N CHUACANT�,54844813,MANUEL EDUARDO CHOLOTIO COCHE,JOS� MAR�A GONZALEZ ROCCH�,DIVERSIFICADO,OFICIAL,URBANA,ABIERTA,MONOLINGUE,MATUTINA,DIARIO(REGULAR),SOLOL�
07-18-0017-46,07-013,SOLOLA,SAN PEDRO LA LAGUNA,COLEGIO EVANGELICO BILINGUE HOLANDES,SAN PEDRO LA LAGUNA,59601419,MANUEL EDUARDO CHOLOTIO COCHE,ERWIN DANIEL UJP�N UJP�N,DIVERSIFICADO,PRIVADO,URBANA,ABIERTA,MONOLINGUE,MATUTINA,DIARIO(REGULAR),SOLOL�
07-18-0019-46,07-013,SOLOLA,SAN PEDRO LA LAGUNA,"COLEGIO PRE-UNIVERSITARIO ""DANIEL CAMPA ROSALES""",2DA AVENIDA 1-52 ZONA 4,57171223,MANUEL EDUARDO CHOLOTIO COCHE,IGNACIO MEPHIBOSETH CAMPA ALVAREZ,DIVERSIFICADO,PRIVADO,URBANA,CERRADA TEMPORALMENTE,MONOLINGUE,VESPERTINA,DIARIO(REGULAR),SOLOL�
07-18-0020-46,07-013,SOLOLA,SAN PEDRO LA LAGUNA,COLEGIO PRE- UNIVERSITARIO DANIEL CAMPA ROSALES,2DA. AVENIDA 1-52 ZONA 4,57171223,MANUEL EDUARDO CHOLOTIO COCHE,IGNACIO MEPHIBOSETH CAMPA ALVAREZ,DIVERSIFICADO,PRIVADO,URBANA,CERRADA TEMPORALMENTE,MONOLINGUE,MATUTINA,DIARIO(REGULAR),SOLOL�
07-18-0022-46,07-013,SOLOLA,SAN PEDRO LA LAGUNA,COLEGIO DE FORMACI�N TECNOL�GICA,7A. AVENIDA 2-20 ZONA 2,77218193,MANUEL EDUARDO CHOLOTIO COCHE,ONELIA EVARISTA POP P�REZ,DIVERSIFICADO,PRIVADO,URBANA,ABIERTA,MONOLINGUE,MATUTINA,VIRTUAL A DISTANCIA,SOLOL�
07-18-0026-46,07-013,SOLOLA,SAN PEDRO LA LAGUNA,"COLEGIO PRIVADO EVANG�LICO ""BETHEL""","6A. AVENIDA ""A"" 4-44 ZONA 2",47402226,MANUEL EDUARDO CHOLOTIO COCHE,ESDRAS SAMUEL MEJIA QUEJ�,DIVERSIFICADO,PRIVADO,URBANA,ABIERTA,MONOLINGUE,MATUTINA,DIARIO(REGULAR),SOLOL�
07-18-0027-46,07-013,SOLOLA,SAN PEDRO LA LAGUNA,"COLEGIO PRIVADO EVANG�LICO ""BETHEL""","6A. AVENIDA ""A"" 4-44, ZONA 2",47402226,MANUEL EDUARDO CHOLOTIO COCHE,ESDRAS SAMUEL MEJIA QUEJ�,DIVERSIFICADO,PRIVADO,URBANA,ABIERTA,MONOLINGUE,DOBLE,DIARIO(REGULAR),SOLOL�
07-18-1992-46,07-013,SOLOLA,SAN PEDRO LA LAGUNA,CENTRO EDUCATIVO COMUNITARIO TZ'UTUJIL,6A. AVENIDA 6-39 ZONA 3 CANT�N CHUASANAHI,42207299,MANUEL EDUARDO CHOLOTIO COCHE,JOS� MAR�A GONZALEZ ROCCH�,DIVERSIFICADO,PRIVADO,URBANA,ABIERTA,MONOLINGUE,VESPERTINA,DIARIO(REGULAR),SOLOL�
07-18-3112-46,07-013,SOLOLA,SAN PEDRO LA LAGUNA,"INSTITUTO MIXTO DE EDUCACI�N B�SICA Y DIVERSIFICADO POR COOPERATIVA ""LUISA Y BENJAM�N PAUL""","6A. AVENIDA 6-39 ZONA 3, CANT�N CHUASANAH�",77218343,MANUEL EDUARDO CHOLOTIO COCHE,HUGO DIEGO TUCH PETZEY,DIVERSIFICADO,COOPERATIVA,URBANA,ABIERTA,MONOLINGUE,MATUTINA,DIARIO(REGULAR),SOLOL�
07-19-0019-46,07-015,SOLOLA,SANTIAGO ATITLAN,INSTITUTO NACIONAL DE EDUCACI�N DIVERSIFICADA,CANTON PANUL,77217729,JUAN POP CHAVAJAY,SANTIAGO SISAY SAPAL�,DIVERSIFICADO,OFICIAL,URBANA,ABIERTA,MONOLINGUE,VESPERTINA,DIARIO(REGULAR),SOLOL�
07-19-0032-46,07-015,SOLOLA,SANTIAGO ATITLAN,"INSTITUTO DE EDUCACI�N DIVERSIFICADA POR COOPERATIVA ATITLAN ""CEDUCA""",CANT�N XECHIVOY,77217024,JUAN POP CHAVAJAY,PEDRO MENDOZA IXBAL�N,DIVERSIFICADO,COOPERATIVA,URBANA,ABIERTA,BILINGUE,VESPERTINA,DIARIO(REGULAR),SOLOL�
07-19-0034-46,07-015,SOLOLA,SANTIAGO ATITLAN,LICEO CRISTIANO ISRAEL�,CANT�N TZANJUY�,77217261,JUAN POP CHAVAJAY,PEDRO SOSOF QUIEJ�,DIVERSIFICADO,PRIVADO,URBANA,ABIERTA,MONOLINGUE,VESPERTINA,DIARIO(REGULAR),SOLOL�
07-19-0035-46,07-015,SOLOLA,SANTIAGO ATITLAN,LICEO TECNOLOGICO BILINGUE,CANTON XECHIVOY,77217118,JUAN POP CHAVAJAY,ANA WALQUIRIA VILLAGRAN ORDONEZ,DIVERSIFICADO,PRIVADO,RURAL,CERRADA TEMPORALMENTE,MONOLINGUE,MATUTINA,DIARIO(REGULAR),SOLOL�
07-19-0036-46,07-015,SOLOLA,SANTIAGO ATITLAN,LICEO TECNOLOGICO BILINGUE,CANTON XECHIVOY,77217118,JUAN POP CHAVAJAY,GABRIEL FELIPE MENDEZ GUTIERREZ,DIVERSIFICADO,PRIVADO,URBANA,CERRADA TEMPORALMENTE,MONOLINGUE,VESPERTINA,DIARIO(REGULAR),SOLOL�
07-19-0051-46,07-015,SOLOLA,SANTIAGO ATITLAN,LICEO INTEGRAL SANTIAGUITO -LINSA-,CANT�N PACHICHAJ,77217550,JUAN POP CHAVAJAY,GASPAR REANDA PABLO,DIVERSIFICADO,PRIVADO,URBANA,ABIERTA,MONOLINGUE,VESPERTINA,DIARIO(REGULAR),SOLOL�
07-19-0060-46,07-015,SOLOLA,SANTIAGO ATITLAN,INSTITUTO MIXTO DE EDUCACI�N DIVERSIFICADA POR COOPERATIVA,ALDEA CERRO DE ORO,49945006,JUAN POP CHAVAJAY,V�CTOR BAR�N GUOZ,DIVERSIFICADO,COOPERATIVA,RURAL,CERRADA TEMPORALMENTE,MONOLINGUE,VESPERTINA,DIARIO(REGULAR),SOLOL�
07-19-0065-46,07-015,SOLOLA,SANTIAGO ATITLAN,ESCUELA NORMAL BILING�E INTERCULTURAL / KITIJOB'AL TIJOONELAA' TZ'UTUJILAA',COMUNIDAD CHUKMUK,58165683,JUAN POP CHAVAJAY,JOS� MIGUEL POP TZIN�,DIVERSIFICADO,OFICIAL,RURAL,ABIERTA,MONOLINGUE,MATUTINA,DIARIO(REGULAR),SOLOL�
07-19-2701-46,07-015,SOLOLA,SANTIAGO ATITLAN,CENTRO EDUCATIVO COMUNITARIO ATITLAN 'CEDUCA',CANTON XECHIVOY,,JUAN POP CHAVAJAY,,DIVERSIFICADO,PRIVADO,URBANA,CERRADA TEMPORALMENTE,BILINGUE,VESPERTINA,DIARIO(REGULAR),SOLOL�
07-19-2765-46,07-015,SOLOLA,SANTIAGO ATITLAN,ESCUELA NORMAL BILINGUE INTERCULTURAL / KITIJOB'AL TIJOONELAA' TZ'UTUJILAA',COMUNIDAD DE CHUKMUK,58165683,JUAN POP CHAVAJAY,JOS� MIGUEL POP TZIN�,DIVERSIFICADO,OFICIAL,RURAL,ABIERTA,BILINGUE,DOBLE,DIARIO(REGULAR),SOLOL�

